record_id,key,entry_type,year,title,author,booktitle,journal,publisher,doi,url,eprint,archiveprefix,note,cited_in_main,citation_count,first_cited_line
INC-001,AppLogic2025GIPR,techreport,2025,{The 2025 Global Internet Phenomena Report},{AppLogic Networks},,,,,https://www.applogicnetworks.com/blog/the-2025-global-internet-phenomena-report,,,Formerly Sandvine,yes,1,111
INC-002,AppLogic2026GIPR,techreport,2026,{The 2026 Global Internet Phenomena Report},{AppLogic Networks},,,,,https://www.applogicnetworks.com/phenomena,,,Current Global Internet Phenomena landing page; accessed 25 June 2026,yes,1,111
INC-003,Zhang2024PCDNPlus,inproceedings,2024,Enhancing Resource Management of the World's Largest {PCDN} System for On-Demand Video Streaming,Rui-Xiao Zhang and Haiping Wang and Shu Shi and Xiaofei Pang and Yajie Peng and Zhichen Xue and Jiangchuan Liu,Proceedings of the 2024 USENIX Annual Technical Conference,,USENIX Association,,https://www.usenix.org/conference/atc24/presentation/zhang-rui-xiao,,,,yes,7,438
INC-004,Wei2024Swarm,misc,2024,Swarm: Cost-Efficient Video Content Distribution with a Peer-to-Peer System,Dehui Wei and Jiao Zhang and Haozhe Li and Zhichen Xue and Yajie Peng and Xiaofei Pang and Rui Han and Yan Ma and Jialin Li,,,,,https://arxiv.org/abs/2401.15839,2401.15839,arXiv,,yes,3,639
INC-005,tang2024stealthy,inproceedings,2024,Stealthy Peers: Understanding Security and Privacy Risks of Peer-Assisted Video Streaming,Siyuan Tang and Eihal Alowaisheq and Xianghang Mi and Yi Chen and XiaoFeng Wang and Yanzhi Dou,Proc. 54th Annual IEEE/IFIP Int. Conf. Dependable Systems and Networks (DSN),,IEEE,10.1109/DSN58291.2024.00041,,,,,yes,2,1164
INC-006,balduf2023cloud,inproceedings,2023,The Cloud Strikes Back: Investigating the Decentralization of {IPFS},"Leonhard Balduf and Maciej Korczy{\'n}ski and Onur Ascigil and Navin V. Keizer and George Pavlou and Bj{\""o}rn Scheuermann and Micha{\l} Kr{\'o}l",Proc. 2023 ACM Internet Measurement Conference (IMC),,ACM,10.1145/3618257.3624797,,,,,yes,2,1172
INC-007,ThetaNetwork2024,misc,2024,What Is Theta Network: Theta Edge Network and {EdgeCloud},{Theta Labs},,,,,https://docs.thetatoken.org/docs/what-is-theta-network,,,Project-reported; accessed 2026,yes,1,1166
INC-008,Livepeer2024Brief,misc,2024,Livepeer {Q2} 2024 Brief,{Messari},,,,,https://messari.io/report/livepeer-q2-2024-brief,,,Analyst-reported network metrics,yes,1,1168
INC-009,FilecoinSaturn2023,misc,2023,Filecoin's Retrieval Markets Update: Spotlight on Project Saturn,{Filecoin TL;DR},,,,,https://filecointldr.io/article/filecoin-s-retrieval-markets-update-spotlight-on-project-saturn,,,Project-reported; public CDN effort wound down in 2024,yes,1,1170
INC-010,Peer5Microsoft2021,misc,2021,Microsoft Acquires {Peer5} to Beef Up {Teams} Livestreaming,{VentureBeat},,,,,https://venturebeat.com/2021/08/10/microsoft-acquires-peer5-to-beef-up-teams-livestreaming/,,,,yes,1,1164
INC-011,StreamrootCenturyLink2019,misc,2019,{CenturyLink} Acquires Video Delivery Innovator {Streamroot},{PR Newswire},,,,,https://www.prnewswire.com/news-releases/centurylink-acquires-video-delivery-innovator-streamroot-300914777.html,,,,yes,1,1164
INC-012,Chen2023Darwin,inproceedings,2023,Darwin: Flexible Learning-Based {CDN} Caching,Jiayi Chen and Nihal Sharma and Tarannum Khan and Shu Liu and Brian Chang and Aditya Akella and Sanjay Shakkottai and Ramesh K. Sitaraman,Proceedings of the ACM SIGCOMM 2023 Conference,,ACM,10.1145/3603269.3604863,,,,,yes,2,644
INC-013,Torabi2024HRCache,inproceedings,2024,A Learning-Based Caching Mechanism for Edge Content Delivery,Hoda Torabi and Hamzeh Khazaei and Marin Litoiu,Proceedings of the 15th ACM/SPEC International Conference on Performance Engineering,,ACM,10.1145/3629526.3645037,,,,,yes,2,644
INC-014,Bai2024BlockchainCaching,article,2024,Blockchain Based Decentralized and Proactive Caching Strategy in Mobile Edge Computing Environment,Jingpan Bai and Silei Zhu and Houling Ji,,Sensors,,10.3390/s24072279,,,,,yes,3,896
INC-015,Keizer2024DecentralisedWebSurvey,article,2024,A Survey on Content Retrieval on the Decentralised Web,Navin V. Keizer and Onur Ascigil and Micha{\l} Kr{\'o}l and Dirk Kutscher and George Pavlou,,ACM Computing Surveys,,10.1145/3649132,,,,,yes,11,115
INC-016,Benet2014IPFS,misc,2014,"{IPFS}: Content Addressed, Versioned, {P2P} File System",Juan Benet,,,,,,1407.3561,arXiv,,yes,4,974
INC-017,Maymounkov2002Kademlia,inproceedings,2002,Kademlia: A Peer-to-Peer Information System Based on the {XOR} Metric,Petar Maymounkov and David Mazi{\`e}res,Peer-to-Peer Systems,,Springer,10.1007/3-540-45748-8\_5,,,,,yes,1,974
INC-018,ProtocolLabs2017Filecoin,techreport,2017,Filecoin: A Decentralized Storage Network,{Protocol Labs},,,,,https://filecoin.io/filecoin.pdf,,,,yes,2,974
INC-019,Trautwein2022IPFSDesign,inproceedings,2022,Design and Evaluation of {IPFS}: A Storage Layer for the Decentralized Web,Dennis Trautwein and Aravindh Raman and Gareth Tyson and Ignacio Castro and Will Scott and Moritz Schubotz and Bela Gipp and Yiannis Psaras,Proc. ACM SIGCOMM 2022 Conference,,ACM,10.1145/3544216.3544232,,,,Preprint: arXiv:2208.05877,yes,2,976
INC-020,Daniel2022IPFSChurn,inproceedings,2022,Passively Measuring {IPFS} Churn and Network Size,Erik Daniel and Florian Tschorsch,Proc. IEEE 42nd Int. Conf. Distributed Computing Systems Workshops (ICDCSW),,IEEE,10.1109/ICDCSW56584.2022.00020,,,,Preprint: arXiv:2205.14927,yes,1,1008
INC-021,Wang2018InEdgeAI,article,2019,"In-Edge {AI}: Intelligentizing Mobile Edge Computing, Caching and Communication by Federated Learning",Xiaofei Wang and Yiwen Han and Chenyang Wang and Qiyang Zhao and Xu Chen and Min Chen,,IEEE Network,,10.1109/MNET.2019.1800286,,,,Preprint: arXiv:1809.07857,yes,2,644
INC-022,Lim2019FederatedMobileEdgeSurvey,article,2020,Federated Learning in Mobile Edge Networks: A Comprehensive Survey,Wei Yang Bryan Lim and Nguyen Cong Luong and Dinh Thai Hoang and Yutao Jiao and Ying-Chang Liang and Qiang Yang and Dusit Niyato and Chunyan Miao,,IEEE Commun. Surveys Tuts.,,10.1109/COMST.2020.2986024,,,,Preprint: arXiv:1909.11875,yes,4,212
INC-023,Sadeghi2019DRLCaching,article,2019,Deep Reinforcement Learning for Adaptive Caching in Hierarchical Content Delivery Networks,Alireza Sadeghi and Gang Wang and Georgios B. Giannakis,,IEEE Trans. Cogn. Commun. Netw.,,10.1109/TCCN.2019.2936193,,,,Preprint: arXiv:1902.10301,yes,3,644
INC-024,Alkassab2023DeePref,inproceedings,2024,{DeePref}: Deep Reinforcement Learning for Video Prefetching in Content Delivery Networks,Nawras Alkassab and Chin-Tser Huang and Tania Lorido Botran,Proc. 33rd Int. Conf. Computer Communications and Networks (ICCCN),,IEEE,10.1109/ICCCN61213.2024.10637652,,,,Preprint: arXiv:2310.07881,yes,3,644
INC-025,Malektaji2023DRLContentMigration,article,2021,Deep Reinforcement Learning-Based Content Migration for Edge Content Delivery Networks With Vehicular Nodes,Sepideh Malektaji and Amin Ebrahimzadeh and Halima Elbiaze and Roch H. Glitho and Somayeh Kianpisheh,,IEEE Trans. Netw. Service Manag.,,10.1109/TNSM.2021.3086721,,,,Preprint: arXiv:2307.08905,yes,1,832
INC-026,Zhang2025PrivacyPreservingEdgeCaching,article,2025,"A Survey on Privacy-Preserving Caching at Network Edge: Classification, Solutions, and Challenges",Xianzhi Zhang and Yipeng Zhou and Di Wu and Quan Z. Sheng and Shazia Riaz and Miao Hu and Linchang Xiao,,ACM Computing Surveys,,10.1145/3706630,,,,,yes,4,184
INC-027,Yang2025VidBlock,article,2025,{VidBlock}: A {Web3.0}-Enabled Decentralized Blockchain Architecture for Live Video Streaming,Hyunjoo Yang and Sejin Park,,Applied Sciences,,10.3390/app15031289,,,,,yes,6,172
INC-028,CTA2025CMCD,techreport,2020,{CTA-5004: Common Media Client Data},{Consumer Technology Association},,,,,https://shop.cta.tech/products/cta-5004,,,,yes,9,184
INC-029,CTA2024CMSD,techreport,2022,{Web Application Video Ecosystem -- Common Media Server Data (CTA-5006)},{Consumer Technology Association},,,,,https://shop.cta.tech/products/cta-5006,,,,yes,9,184
INC-030,ISOIEC23009Dash2022,techreport,2022,{ISO/IEC 23009-1:2022: Information technology -- Dynamic adaptive streaming over HTTP (DASH) -- Part 1: Media presentation description and segment formats},{ISO/IEC},,,,,https://www.iso.org/standard/83314.html,,,,yes,5,184
INC-031,Bentaleb2019ABRSurvey,article,2019,{A Survey on Bitrate Adaptation Schemes for Streaming Media Over HTTP},"Bentaleb, Abdelhak and Taani, Bayan and Begen, Ali C. and Timmerer, Christian and Zimmermann, Roger",,IEEE Communications Surveys \& Tutorials,,10.1109/COMST.2018.2862938,,,,,yes,4,184
INC-032,Ahlgren2012ICNSurvey,article,2012,{A Survey of Information-Centric Networking},"Ahlgren, Bengt and Dannewitz, Christian and Imbrenda, Claudio and Kutscher, Dirk and Ohlman, B{\""o}rje",,IEEE Communications Magazine,,10.1109/MCOM.2012.6231276,,,,,yes,6,117
INC-033,Xylomenos2014ICNSurvey,article,2014,{A Survey of Information-Centric Networking Research},"Xylomenos, George and Ververidis, Christopher N. and Siris, Vasilios A. and Fotiou, Nikos and Tsilopoulos, Christos and Vasilakos, Xenofon and Katsaros, Konstantinos V. and Polyzos, George C.",,IEEE Communications Surveys \& Tutorials,,10.1109/SURV.2013.070813.00063,,,,,yes,6,117
INC-034,Jacobson2009NamedContent,inproceedings,2009,{Networking Named Content},"Jacobson, Van and Smetters, Diana K. and Thornton, James D. and Plass, Michael F. and Briggs, Nicholas H. and Braynard, Rebecca L.",Proceedings of the 5th International Conference on Emerging Networking Experiments and Technologies,,ACM,10.1145/1658939.1658941,,,,,yes,5,117
INC-035,Zhang2014NamedDataNetworking,article,2014,{Named Data Networking},"Zhang, Lixia and Afanasyev, Alexander and Burke, Jeffrey and Jacobson, Van and Claffy, K. C. and Crowley, Patrick and Papadopoulos, Christos and Wang, Lan and Zhang, Beichuan",,ACM SIGCOMM Computer Communication Review,,10.1145/2656877.2656887,,,,,yes,5,117
INC-036,Thompson2025CDNDelegation,misc,2025,Fine-Grained {CDN} Delegation,Ethan Thompson and Ali Sadeghi Jahromi and AbdelRahman Abdou,,,,,https://arxiv.org/abs/2510.09983,2510.09983,arXiv,Needs verification for final publication status,yes,4,434
INC-037,Dilley2002Globally,article,2002,Globally Distributed Content Delivery,"Dilley, John and Maggs, Bruce and Parikh, Jay and Prokop, Harald and Sitaraman, Ramesh and Weihl, Bill",,IEEE Internet Computing,,10.1109/MIC.2002.1036038,,,,,yes,3,113
INC-038,ichikawa2005,article,2005,{A Proposal of Request Routing on a Fully Distributed {P2P} {CDN}},"ICHIKAWA, Y.",,IEICE Transactions on Communications,,10.1093/ietcom/e88-b.6.2473,,,,,yes,1,289
INC-039,choy2014hybrid,article,2014,{A hybrid edge-cloud architecture for reducing on-demand gaming latency},"Choy, Sharon and Wong, Bernard and Simon, Gwendal and Rosenberg, Catherine",,Multimedia Systems,,10.1007/s00530-014-0367-z,,,,,yes,1,289
INC-040,herbaut2017,article,2017,{A Model for Collaborative Blockchain-Based Video Delivery Relying on Advanced Network Services Chains},"Herbaut, Nicolas and Negru, Daniel",,IEEE Commun. Mag.,,10.1109/mcom.2017.1700117,,,,,yes,11,115
INC-041,zolfaghari2020content,article,2020,{Content Delivery Networks},"Zolfaghari, Behrouz and Srivastava, Gautam and Roy, Swapnoneel and Nemati, Hamid R. and Afghah, Fatemeh and Koshiba, Takeshi and Razi, Abolfazl and Bibak, Khodakhast and Mitra, Pinaki and Rai, Brijesh Kumar",,ACM Comput. Surv.,,10.1145/3380613,,,,,yes,3,184
INC-042,salahuddin2018survey,article,2018,{A Survey on Content Placement Algorithms for Cloud-Based Content Delivery Networks},"Salahuddin, Mohammad A. and Sahoo, Jagruti and Glitho, Roch and Elbiaze, Halima and Ajib, Wessam",,IEEE Access,,10.1109/access.2017.2754419,,,,,yes,2,184
INC-043,choi2011survey,article,2011,{A Survey on content-oriented networking for efficient content delivery},"Choi, Jaeyoung and Han, Jinyoung and Cho, Eunsang and Kwon, Ted and Choi, Yanghee",,IEEE Commun. Mag.,,10.1109/mcom.2011.5723809,,,,,yes,3,184
INC-044,anjum2017survey,article,2017,{Survey on peer-assisted content delivery networks},"Anjum, Nasreen and Karamshuk, Dmytro and Shikh-Bahaei, Mohammad and Sastry, Nishanth",,Computer Networks,,10.1016/j.comnet.2017.02.008,,,,,yes,4,184
INC-045,Ali2025_survey,article,2025,{A survey on the state-of-the-art {CDN} architectures and future directions},"Ali, Waris and Fang, Chao and Khan, Akmal",,Journal of Network and Computer Applications,,10.1016/j.jnca.2025.104106,,,,,yes,7,184
INC-046,passarella2012survey,article,2012,{A survey on content-centric technologies for the current Internet: {CDN} and {P2P} solutions},"Passarella, Andrea",,Computer Communications,,10.1016/j.comcom.2011.10.005,,,,,yes,3,184
INC-047,ghaznavi2021content,article,2021,{Content Delivery Network Security: A Survey},"Ghaznavi, Milad and Jalalpour, Elaheh and Salahuddin, Mohammad A. and Boutaba, Raouf and Migault, Daniel and Preda, Stere",,IEEE Commun. Surv. Tutorials,,10.1109/comst.2021.3093492,,,,,yes,6,184
INC-048,pathan2007taxonomy,article,2007,A taxonomy and survey of content delivery networks,Al-Mukaddim Khan Pathan and Rajkumar Buyya,,"Grid computing and distributed systems laboratory, University of Melbourne, Technical Report",,,https://www.cloudbus.org/reports/CDN-Taxonomy.pdf,,,,yes,3,184
INC-049,sahoo2017survey,article,2017,A survey on replica server placement algorithms for content delivery networks,"Sahoo, Jagruti and Salahuddin, Mohammad A and Glitho, Roch and Elbiaze, Halima and Ajib, Wessam",,IEEE Communications Surveys \& Tutorials,,10.1109/COMST.2016.2626384,,,,,yes,3,460
INC-050,li2018survey,article,2018,{A Survey of Caching Techniques in Cellular Networks: Research Issues and Challenges in Content Placement and Delivery Strategies},"Li, Liying and Zhao, Guodong and Blum, Rick S.",,IEEE Commun. Surv. Tutorials,,10.1109/comst.2018.2820021,,,,,yes,3,184
INC-051,yang2023review,article,2023,{A Review on Software Defined Content Delivery Network: A Novel Combination of {CDN} and {SDN}},"Yang, Huixiang and Pan, Hanlin and Ma, Lin",,IEEE Access,,10.1109/access.2023.3267737,,,,,yes,1,464
INC-052,wen2020efficient,article,2020,{An Efficient Content Distribution Network Architecture Using Heterogeneous Channels},Y. Wen and Y. Chen and M. Shao and J. Guo and J. Liu,,IEEE Access,,10.1109/ACCESS.2020.3037164,,,,,yes,4,462
INC-053,nasir2021fast,article,2021,{Fast Content Delivery Using a Testbed-Based Information-Centric Network},"Nasir, Nazib Abdun and Jeong, Seong-Ho",,IEEE Access,,10.1109/access.2021.3096042,,,,,yes,1,374
INC-054,liu2014content,article,2014,{On content-centric wireless delivery networks},Hui Liu and Zhiyong Chen and Xiaohua Tian and Xinbing Wang and Meixia Tao,,IEEE Wireless Commun.,,10.1109/mwc.2014.7000979,,,,,yes,3,289
INC-055,papagianni2013cloud,article,2013,{A Cloud-Oriented Content Delivery Network Paradigm: Modeling and Assessment},C. Papagianni and A. Leivadeas and S. Papavassiliou,,IEEE Trans. Dependable Secure Comput,,10.1109/TDSC.2013.12,,,,,yes,3,289
INC-056,tang2019tapping,article,2019,{Tapping the Knowledge of Dynamic Traffic Demands for Optimal {CDN} Design},"Tang, Guoming and Wang, Huan and Wu, Kui and Guo, Deke",,IEEE/ACM Trans. Networking,,10.1109/tnet.2018.2881169,,,,,yes,1,460
INC-057,Stocker2017Complexity,article,2017,The Growing Complexity of Content Delivery Networks: Challenges and Implications for the Internet Ecosystem,"Stocker, Volker and Smaragdakis, Georgios and Lehr, William and Bauer, Steven",,Telecommunications Policy,,10.1016/j.telpol.2016.11.006,,,,,yes,13,113
INC-058,Vakali2003CDNStatus,article,2003,Content Delivery Networks: Status and Trends,"Vakali, Athena and Pallis, George",,IEEE Internet Computing,,10.1109/MIC.2003.1250586,,,,,yes,7,113
INC-059,alabbasi2019multi,article,2019,{Multi-Tier Caching Analysis in {CDN}-Based Over-the-Top Video Streaming Systems},"Al-Abbasi, Abubakr O. and Aggarwal, Vaneet and Ra, Moo-Ryong",,IEEE/ACM Trans. Networking,,10.1109/tnet.2019.2900434,,,,,yes,2,479
INC-060,Lee2022Economics,article,2022,On the Economics Effects of {CDN}-Mediated Delivery on Content Providers,"Lee, Sangtae and Manjunath, D. and Joo, Changhee",,IEEE Transactions on Network and Service Management,,10.1109/TNSM.2022.3162883,https://ieeexplore.ieee.org/document/9744122,,,,yes,2,113
INC-061,Wichtlhuber2015SDNISP,article,2015,{An {SDN}-Based {CDN}/ISP Collaboration Architecture for Managing High-Volume Flows},"Wichtlhuber, Matthias and Reinecke, Robert and Hausheer, David",,IEEE Trans. Netw. Serv. Manage.,,10.1109/tnsm.2015.2404792,,,,,yes,3,113
INC-062,alabbasi2020quantitative,phdthesis,2020,{A Quantitative Framework for {CDN}-Based Over-the-Top Video Streaming Systems},A. Alabbasi,,,,10.25394/PGS.11455869.v1,,,,,yes,2,479
INC-063,zhu2022user,article,2022,{User Mapping Strategy in Multi-{CDN} Streaming: A Data-Driven Approach},G. Zhu and W. Gu,,IEEE Internet Things J,,10.1109/JIOT.2021.3112561,,,,,yes,5,677
INC-064,sidhu2025multi,inproceedings,2025,{A Multi-{CDN} Playground for Dash.js: Enabling Integration of {CDN} Switching Strategies},"Sidhu, Jashanjot Singh and Joshi, Chidambar and Bentaleb, Abdelhak",Proceedings of the 16th ACM Multimedia Systems Conference,,ACM,10.1145/3712676.3719268,,,,,yes,1,762
INC-065,Tullemans2018MultiCDN,article,2018,{Technical Practices for a Multi-{CDN} Distribution Strategy},"Tullemans, Bram",,SMPTE Mot. Imag. J,,10.5594/jmi.2018.2831078,,,,,yes,8,152
INC-066,joshi2025imac,inproceedings,2025,{IMAC: Intelligent Multi-Agent Content Steering for {DASH}},C. Joshi and J. Sidhu and A. Bentaleb,Proc. 4th Mile-High Video Conf,,ACM,10.1145/3715675.3715839,,,,,yes,3,673
INC-067,kara2025cdn,inproceedings,2025,{{CDN} Failure Management in Content Steering Multi-{CDN} System},"Kara, Burak and Simon, Gwendal",Proceedings of the 4th Mile-High Video Conference,,ACM,10.1145/3715675.3715790,,,,,yes,3,675
INC-068,bentaleb2023which,inproceedings,2023,{Which {CDN} to Download From? A Client and Server Strategies},A. Bentaleb and R. Farahani and F. Tashtarian and C. Timmerer and H. Hellwagner and R. Zimmermann,Proc. 2nd Mile-High Video Conf,,ACM,10.1145/3588444.3591030,,,,,yes,4,671
INC-069,kara2024dynamic,inproceedings,2024,{Dynamic Content Steering Services},"Kara, Burak and Simon, Gwendal",Proceedings of the 3rd Mile-High Video Conference,,ACM,10.1145/3638036.3640252,,,,,yes,11,152
INC-070,wang2017optimizing,inproceedings,2017,{Optimizing Multi-Cloud {CDN} Deployment and Scheduling Strategies Using Big Data Analysis},"Wang, Congjie and Lu, Zhihui and Wu, Ziyan and Wu, Jie and Huang, Shalin",2017 IEEE International Conference on Services Computing (SCC),,IEEE,10.1109/scc.2017.42,,,,,yes,2,677
INC-071,reznik2024multi,inproceedings,2024,{On Multi-{CDN} Delivery Costs Optimization Problem},"Reznik, Yuriy A. and Cabrera, Guillem",2024 International Symposium on Multimedia (ISM),,IEEE,10.1109/ism63611.2024.00035,,,,,yes,3,677
INC-072,wang2018speeding,inproceedings,2018,{Speeding Up Multi-{CDN} Content Delivery via Traffic Demand Reshaping},"Wang, Huan and Tang, Guoming and Wu, Kui and Fan, Jiamin",2018 IEEE 38th International Conference on Distributed Computing Systems (ICDCS),,IEEE,10.1109/icdcs.2018.00049,,,,,yes,1,762
INC-073,firouzi2021convergence,article,2022,"{The convergence and interplay of edge, fog, and cloud in the AI-driven Internet of Things ({IoT})}","Firouzi, Farshad and Farahani, Bahar and Marin{\v s}ek, Alexander",,Information Systems,,10.1016/j.is.2021.101840,,,,,yes,2,820
INC-074,chiang2017clarifying,article,2017,{Clarifying Fog Computing and Networking: 10 Questions and Answers},"Chiang, Mung and Ha, Sangtae and Risso, Fulvio and Zhang, Tao and Chih-Lin, I.",,IEEE Commun. Mag.,,10.1109/mcom.2017.7901470,,,,,yes,1,818
INC-075,iftikhar2022ai,article,2023,"{AI-based fog and edge computing: A systematic review, taxonomy and future directions}","Iftikhar, Sundas and Gill, Sukhpal Singh and Song, Chenghao and Xu, Minxian and Aslanpour, Mohammad Sadegh and Toosi, Adel N. and Du, Junhui and Wu, Huaming and Ghosh, Shreya and Chowdhury, Deepraj and Golec, Muhammed and Kumar, Mohit and Abdelmoniem, Ahmed M. and Cuadrado, Felix and Varghese, Blesson and Rana, Omer and Dustdar, Schahram and Uhlig, Steve",,Internet of Things,,10.1016/j.iot.2022.100674,,,,,yes,3,184
INC-076,hong2018resource,article,2019,{Resource Management in Fog/Edge Computing},"Hong, Cheol-Ho and Varghese, Blesson",,ACM Comput. Surv.,,10.1145/3326066,,,,,yes,1,818
INC-077,yousefpour2018all,article,2019,{All one needs to know about fog computing and related edge computing paradigms: A complete survey},"Yousefpour, Ashkan and Fung, Caleb and Nguyen, Tam and Kadiyala, Krishna and Jalali, Fatemeh and Niakanlahiji, Amirreza and Kong, Jian and Jue, Jason P.",,Journal of Systems Architecture,,10.1016/j.sysarc.2019.02.009,,,,,yes,6,157
INC-078,de2019foundations,article,2019,"{Foundations and Evolution of Modern Computing Paradigms: Cloud, {IoT}, Edge, and Fog}","De Donno, Michele and Tange, Koen and Dragoni, Nicola",,IEEE Access,,10.1109/access.2019.2947652,,,,,yes,2,816
INC-079,omoniwa2019fog,article,2019,"{Fog/Edge Computing-Based {IoT} (FECIoT): Architecture, Applications, and Research Issues}","Omoniwa, Babatunji and Hussain, Riaz and Javed, Muhammad Awais and Bouk, Safdar Hussain and Malik, Shahzad A.",,IEEE Internet Things J.,,10.1109/jiot.2018.2875544,,,,,yes,2,820
INC-080,perera2017fog,article,2017,{Fog Computing for Sustainable Smart Cities},"Perera, Charith and Qin, Yongrui and Estrella, Julio C. and Reiff-Marganiec, Stephan and Vasilakos, Athanasios V.",,ACM Comput. Surv.,,10.1145/3057266,,,,,yes,2,820
INC-081,habibi2020fog,article,2020,{Fog Computing: A Comprehensive Architectural Survey},"Habibi, Pooyan and Farhoudi, Mohammad and Kazemian, Sepehr and Khorsandi, Siavash and Leon-Garcia, Alberto",,IEEE Access,,10.1109/access.2020.2983253,,,,,yes,1,818
INC-082,hazra2023fog,article,2023,"{Fog computing for next-generation Internet of Things: Fundamental, state-of-the-art and research challenges}","Hazra, Abhishek and Rana, Pradeep and Adhikari, Mainak and Amgoth, Tarachand",,Computer Science Review,,10.1016/j.cosrev.2023.100549,,,,,yes,1,826
INC-083,xu2024xrl,article,2024,{XRL-SHAP-Cache: an explainable reinforcement learning approach for intelligent edge service caching in content delivery networks},"Xu, Xiaolong and Wu, Fan and Bilal, Muhammad and Xia, Xiaoyu and Dou, Wanchun and Yao, Lina and Zhong, Weiyi",,Sci. China Inf. Sci.,,10.1007/s11432-023-3987-y,,,,,yes,2,832
INC-084,gupta2022popularity,article,2022,{Popularity Prediction of Video Content Over Cloud-Based {CDN} Using End User Interest},"Gupta, Rohit Kumar and Kurabadwala, Shabbir and Tiwari, Pradeep Kumar and Mundra, Ankit",,International Journal of Software Innovation,,10.4018/ijsi.301227,,,,,yes,2,832
INC-085,yang2018content,article,2019,{Content Popularity Prediction Towards Location-Aware Mobile Edge Caching},"Yang, Peng and Zhang, Ning and Zhang, Shan and Yu, Li and Zhang, Junshan and Shen, Xuemin",,IEEE Trans. Multimedia,,10.1109/tmm.2018.2870521,,,,,yes,2,832
INC-086,aghazadeh2023autonomous,article,2023,{An autonomous proactive content caching method in edge computing environment: a learning-based approach},"Aghazadeh, Rafat and Shahidinejad, Ali and Ghobaei-Arani, Mostafa",,Multimed Tools Appl,,10.1007/s11042-023-14935-8,,,,,yes,2,832
INC-087,yadav2024efficient,article,2024,{Efficient Content Distribution in Fog-Based {CDN}: A Joint Optimization Algorithm for Fog-Node Placement and Content Delivery},"Yadav, Prateek and Kar, Subrat",,IEEE Internet Things J.,,10.1109/jiot.2024.3355468,,,,,yes,8,157
INC-088,hu2024many,article,2024,{Many-Objective Optimization-Based Content Popularity Prediction for Cache-Assisted Cloud--Edge--End Collaborative {IoT} Networks},"Hu, Zhaoming and Fang, Chao and Wang, Zhuwei and Tseng, Shu-Ming and Dong, Mianxiong",,IEEE Internet Things J.,,10.1109/jiot.2023.3290793,,,,,yes,3,832
INC-089,qiao2020deep,article,2020,{Deep Reinforcement Learning for Cooperative Content Caching in Vehicular Edge Computing and Networks},"Qiao, Guanhua and Leng, Supeng and Maharjan, Sabita and Zhang, Yan and Ansari, Nirwan",,IEEE Internet Things J.,,10.1109/jiot.2019.2945640,,,,,yes,2,834
INC-090,garg2020online,article,2020,{Online Content Popularity Prediction and Learning in Wireless Edge Caching},"Garg, Navneet and Sellathurai, Mathini and Bhatia, Vimal and Bharath, B. N. and Ratnarajah, Tharmalingam",,IEEE Trans. Commun.,,10.1109/tcomm.2019.2956041,,,,,yes,2,832
INC-091,naeem2020comparative,article,2020,{A Comparative Performance Analysis of Popularity-Based Caching Strategies in Named Data Networking},"Naeem, Muhammad Ali and Rehman, Muhammad Atif Ur and Ullah, Rehmat and Kim, Byung-Seo",,IEEE Access,,10.1109/access.2020.2980385,,,,,yes,2,374
INC-092,fan2020pa,article,2021,{PA-Cache: Evolving Learning-Based Popularity- Aware Content Caching in Edge Networks},"Fan, Qilin and Li, Xiuhua and Li, Jian and He, Qiang and Wang, Kai and Wen, Junhao",,IEEE Trans. Netw. Serv. Manage.,,10.1109/tnsm.2021.3053645,,,,,yes,2,832
INC-093,liu2018content,article,2018,{Content Popularity Prediction and Caching for {ICN}: A Deep Learning Approach With {SDN}},"Liu, Wai-Xi and Zhang, Jie and Liang, Zhong-Wei and Peng, Ling-Xi and Cai, Jun",,IEEE Access,,10.1109/access.2017.2781716,,,,,yes,2,374
INC-094,liang2021multi,article,2021,{Multi-Head Attention Based Popularity Prediction Caching in Social Content-Centric Networking With Mobile Edge Computing},"Liang, Jie and Zhu, Dali and Liu, Haitao and Ping, Heng and Li, Ting and Zhang, Hangsheng and Geng, Liru and Liu, Yinlong",,IEEE Commun. Lett.,,10.1109/lcomm.2020.3030329,,,,,yes,1,832
INC-095,li2021mobility,article,2021,{Mobility and marginal gain based content caching and placement for cooperative edge-cloud computing},"Li, Chunlin and Song, Mingyang and Yu, Chongchong and Luo, Youlong",,Information Sciences,,10.1016/j.ins.2020.09.016,,,,,yes,2,834
INC-096,li2023user,article,2023,{User-Preference-Learning-Based Proactive Edge Caching for {D2D}-Assisted Wireless Networks},D. Li and H. Zhang and H. Ding and T. Li and D. Liang and D. Yuan,,IEEE Internet Things J,,10.1109/JIOT.2023.3244621,,,,,yes,2,832
INC-097,wei2023popularity,article,2023,{Popularity-Based Data Placement With Load Balancing in Edge Computing},"Wei, Xinliang and Wang, Yu",,IEEE Trans. Cloud Comput.,,10.1109/tcc.2021.3096467,,,,,yes,1,830
INC-098,chen2020collaborative,article,2020,{Collaborative Content Placement Among Wireless Edge Caching Stations With Time-to-Live Cache},"Chen, Lixing and Song, Linqi and Chakareski, Jacob and Xu, Jie",,IEEE Trans. Multimedia,,10.1109/tmm.2019.2929004,,,,,yes,2,834
INC-099,pu2018online,article,2018,"{Online Resource Allocation, Content Placement and Request Routing for Cost-Efficient Edge Caching in Cloud Radio Access Networks}","Pu, Lingjun and Jiao, Lei and Chen, Xu and Wang, Lin and Xie, Qinyi and Xu, Jingdong",,IEEE J. Select. Areas Commun.,,10.1109/jsac.2018.2844624,,,,,yes,2,834
INC-100,negara2023c3cps,article,2023,{C3CPS: CRITIC-CoCoSo-based caching placement strategy using multi-criteria decision method for efficient content distribution in Named Data Networking},R. M. Negara and N. R. Syambas and E. Mulyana,,J. King Saud Univ. Comput. Inf. Sci,,10.1016/j.jksuci.2023.101714,,,,,yes,2,374
INC-101,alghamdi2019novel,article,2019,{A Novel Fog Computing Based Architecture to Improve the Performance in Content Delivery Networks},"Alghamdi, Fatimah and Mahfoudh, Saoucene and Barnawi, Ahmed",,Wireless Communications and Mobile Computing,,10.1155/2019/7864094,,,,,yes,1,877
INC-102,hua2020fog,article,2020,{A Fog caching scheme enabled by {ICN} for {IoT} environments},"Hua, Yining and Guan, Lin and Kyriakopoulos, Konstantinos G.",,Future Generation Computer Systems,,10.1016/j.future.2020.04.040,,,,,yes,2,374
INC-103,fang2022deep,article,2022,{Deep-Reinforcement-Learning-Based Resource Allocation for Content Distribution in Fog Radio Access Networks},"Fang, Chao and Xu, Hang and Yang, Yihui and Hu, Zhaoming and Tu, Shanshan and Ota, Kaoru and Yang, Zheng and Dong, Mianxiong and Han, Zhu and Yu, F. Richard and Liu, Yunjie",,IEEE Internet Things J.,,10.1109/jiot.2022.3146239,,,,,yes,1,875
INC-104,mouradian2017comprehensive,article,2018,{A Comprehensive Survey on Fog Computing: State-of-the-Art and Research Challenges},C. Mouradian and D. Naboulsi and S. Yangui and R. H. Glitho and M. J. Morrow and P. A. Polakos,,IEEE Commun. Surv. Tut,,10.1109/COMST.2017.2771153,,,,,yes,2,877
INC-105,hasan2022edge,article,2022,{Edge Caching in Fog-Based Sensor Networks through Deep Learning-Associated Quantum Computing Framework},"Hasan, Tayyabah and Ahmad, Fahad and Rizwan, Muhammad and Alshammari, Nasser and Alanazi, Saad Awadh and Hussain, Iftikhar and Naseem, Shahid",,Computational Intelligence and Neuroscience,,10.1155/2022/6138434,,,,,yes,1,875
INC-106,barnawi2021content,article,2022,{Content delivery network for {IoT}-based Fog Computing environment},"Bagies, Enas and Barnawi, Ahmed and Mahfoudh, Saoucene and Kumar, Neeraj",,Computer Networks,,10.1016/j.comnet.2021.108688,,,,,yes,1,879
INC-107,li2020capacity,article,2020,{Capacity-Aware Edge Caching in Fog Computing Networks},"Li, Qiang and Zhang, Yuanmei and Li, Yingyu and Xiao, Yong and Ge, Xiaohu",,IEEE Trans. Veh. Technol.,,10.1109/tvt.2020.3001301,,,,,yes,2,877
INC-108,Xu2006HybridCDNP2P,article,2006,{Analysis of a {CDN}--{P2P} hybrid architecture for cost-effective streaming media distribution},"Xu, Dongyan and Kulkarni, Sunil Suresh and Rosenberg, Catherine and Chai, Heung-Keung",,Multimedia Systems,,10.1007/s00530-006-0015-3,,,,,yes,7,115
INC-109,muscat2021hybrid,inproceedings,2021,{A Hybrid {CDN}-{P2P} Architecture for Live Video Streaming},"Muscat, Nicholas and Debono, Carl James",IEEE EUROCON 2021 - 19th International Conference on Smart Technologies,,IEEE,10.1109/eurocon52738.2021.9535633,,,,,yes,3,496
INC-110,farahani2024alive,article,2024,{ALIVE: A Latency- and Cost-Aware Hybrid {P2P}-{CDN} Framework for Live Video Streaming},"Farahani, Reza and {\c C}etinkaya, Ekrem and Timmerer, Christian and Shojafar, Mohammad and Ghanbari, Mohammad and Hellwagner, Hermann",,IEEE Trans. Netw. Serv. Manage.,,10.1109/tnsm.2023.3335190,,,,,yes,7,147
INC-111,Zhang2015Xunlei,article,2015,{Unreeling Xunlei Kankan: Understanding Hybrid {CDN}-{P2P} Video-on-Demand Streaming},"Zhang, Ge and Liu, Wei and Hei, Xiaojun and Cheng, Wenqing",,IEEE Trans. Multimedia,,10.1109/tmm.2014.2383617,,,,,yes,5,147
INC-112,farahani2022hybrid,inproceedings,2022,{Hybrid {P2P}-{CDN} Architecture for Live Video Streaming: An Online Learning Approach},R. Farahani and A. Bentaleb and E. {\c C}etinkaya and C. Timmerer and R. Zimmermann and H. Hellwagner,Proc. IEEE Global Commun. Conf. (GLOBECOM),,IEEE,10.1109/GLOBECOM48099.2022.10001091,,,,,yes,1,512
INC-113,nacakli2021controlling,article,2021,{Controlling {P2P}-{CDN} Live Streaming Services at {SDN}-Enabled Multi-Access Edge Datacenters},"Nacakli, Selin and Tekalp, A. Murat",,IEEE Trans. Multimedia,,10.1109/tmm.2020.3032042,,,,,yes,1,519
INC-114,farahani2024low,misc,2024,Towards low-latency and energy-efficient hybrid {P2P-CDN} live video streaming,"Farahani, Reza and Timmerer, Christian and Hellwagner, Hermann",,,,,https://arxiv.org/abs/2403.16985,2403.16985,arXiv,,yes,1,512
INC-115,zhejiayu2021when,inproceedings,2021,{When Locality is not enough: Boosting Peer Selection of Hybrid {CDN}-{P2P} Live Streaming Systems Using Machine Learning},"Ma, Zhejiayu and Giroire, Frederic and Urvoy-Keller, Guillaume and Rouibia, Soufiane",Proc. IFIP Network Traffic Measurement and Analysis Conf. (TMA),,IFIP,,https://inria.hal.science/hal-03441537,,,,yes,5,517
INC-116,seo2019transport,article,2019,{A transport-history-based peer selection algorithm for {P2P}-assisted {DASH} systems based on WebRTC},J. Seo and S. Choi and S. Kim and J. Jeon and Y. Kim,,J. Broadcast Eng.,,10.5909/JBE.2019.24.2.251,,,,,yes,1,517
INC-117,saengarunwong2018two,inproceedings,2018,{A Two-Step Server Selection in Hybrid {CDN}-{P2P} Mesh-based for Video-on-Demand Streaming},"Saengarunwong, Arnon and Sanguankotchakorn, Teerapat",2018 International Conference on Information and Communication Technology Convergence (ICTC),,IEEE,10.1109/ictc.2018.8539453,,,,,yes,3,517
INC-118,budhkar2019overlay,article,2020,{An overlay management strategy to improve QoS in {CDN}-{P2P} live streaming systems},"Budhkar, Shilpa and Tamarapalli, Venkatesh",,Peer-to-Peer Netw. Appl.,,10.1007/s12083-019-00755-x,,,,,yes,6,517
INC-119,esposito2014integrating,inproceedings,2014,{Integrating Piece and Peer Selection in Content Distribution Networks},"Esposito, Flavio and Cerroni, Walter",2014 IEEE Global Communications Conference (GLOBECOM),,IEEE,10.1109/glocom.2014.7417806,,,,,yes,2,517
INC-120,kim2011cdn,inproceedings,2011,{A {CDN}-{P2P} hybrid architecture with content/location awareness for live streaming service networks},"Kim, Thinh Nguyen and Jeon, Seil and Kim, Younghan",2011 IEEE 15th International Symposium on Consumer Electronics (ISCE),,IEEE,10.1109/isce.2011.5973865,,,,,yes,1,517
INC-121,nguyen2011cdn,article,2011,{A {CDN}-{P2P} Hybrid Architecture with Location/Content Awareness for Live Streaming Services},"Nguyen, Kim-Thinh and Kim, Y.",,KSII TIIS,,10.3837/tiis.2011.11.015,,,,,yes,2,517
INC-122,yousafzai2021crowd,article,2021,{CROWD-{CDN}: A cryptocurrency incentivized crowdsourced peer-to-peer content delivery framework},"Yousafzai, Abdullah and Kumar, Priyan Malarvizhi and Hong, Choong Seon",,Computer Communications,,10.1016/j.comcom.2021.08.007,,,,,yes,2,432
INC-123,kumar2023churn,article,2023,{A Churn-Tolerant {P2P} {CDN} at the Edge for Video Content Delivery},"Kumar, Akhilesh and Banerjea, Shashwati and Pandey, Mayank",,SN COMPUT. SCI.,,10.1007/s42979-023-01935-6,,,,,yes,1,581
INC-124,kumar2023churnhttp2,article,2023,{Churn-tolerant {CDN} at the edge for adaptive video streaming: towards multi-connection approach using HTTP/2},"Kumar, Akhilesh and Banerjea, Shashwati and Pandey, Mayank",,Int. j. inf. tecnol.,,10.1007/s41870-023-01393-6,,,,,yes,2,583
INC-125,sheshjavani2016cmpvod,inproceedings,2016,{CMPVoD: A cluster mesh-based architecture for {VoD} streaming over hybrid {CDN}-{P2P} networks},"Ghaffari Sheshjavani, Abdollah and Akbari, Behzad and Ghaeini, Hamid Reza",2016 8th International Symposium on Telecommunications (IST),,IEEE,10.1109/istel.2016.7881930,,,,,yes,2,583
INC-126,guo2008aqcs,incollection,2008,{AQCS: Adaptive Queue-Based Chunk Scheduling for {P2P} Live Streaming},"Guo, Yang and Liang, Chao and Liu, Yong",Lecture Notes in Computer Science,,Springer Berlin Heidelberg,10.1007/978-3-540-79549-0\_38,,,,,yes,2,583
INC-127,liao2012novel,article,2012,{A novel data replication mechanism in {P2P} {VoD} system},"Liao, Xiaofei and Jin, Hai and Yu, Linchen",,Future Generation Computer Systems,,10.1016/j.future.2011.10.006,,,,,yes,3,581
INC-128,branca2009evaluating,inproceedings,2009,{Evaluating Peer Churn Effects on {P2P}-Based Video-on-Demand Services},"Branca, Giovanni and Schierl, Thomas and Atzori, Luigi",GLOBECOM 2009 - 2009 IEEE Global Telecommunications Conference,,IEEE,10.1109/glocom.2009.5425527,,,,,yes,2,581
INC-129,kumar2007stochastic,inproceedings,2007,{Stochastic Fluid Theory for {P2P} Streaming Systems},"Kumar, R. and Liu, Y. and Ross, K.",IEEE INFOCOM 2007 - 26th IEEE International Conference on Computer Communications,,IEEE,10.1109/infcom.2007.112,,,,,yes,1,581
INC-130,karagiannis2005should,inproceedings,2005,{Should internet service providers fear peer-assisted content distribution?},"Karagiannis, Thomas and Rodriguez, Pablo and Papagiannaki, Konstantina",Proceedings of the 5th ACM SIGCOMM conference on Internet measurement - IMC '05,,ACM Press,10.1145/1330107.1330115,,,,,yes,2,634
INC-131,he2021fair,inproceedings,2021,{Fair Peer-to-Peer Content Delivery via Blockchain},S. He and Y. Lu and Q. Tang and G. Wang and C. Wu,Computer Security -- ESORICS 2021,,Springer International Publishing,10.1007/978-3-030-88418-5_17,,,,,yes,6,289
INC-132,wei2025qoe,article,2025,{{QoE}-Optimized MultiPath Scheduling for Video Services in Large-Scale Peer-to-Peer CDNs},"Wei, Dehui and Zhang, Jiao and Liu, Xiang and Li, Haozhe and Xue, Zhichen and Huang, Tao and Jiang, Linshan and Li, Jialin",,IEEE J. Select. Areas Commun.,,10.1109/jsac.2025.3528809,,,,,yes,3,634
INC-133,sigurdsson2007potentials,article,2007,{Potentials and challenges of peer-to-peer based content distribution},H. Sigurdsson and U. Halldorsson and G. Hasslinger,,Telematics Informatics,,10.1016/j.tele.2007.01.002,,,,,yes,2,634
INC-134,vu2019blockchain,inproceedings,2019,{Blockchain-based Content Delivery Networks: Content Transparency Meets User Privacy},"Vu, Thang X. and Chatzinotas, Symeon and Ottersten, Bjorn",2019 IEEE Wireless Communications and Networking Conference (WCNC),,IEEE,10.1109/wcnc.2019.8885904,,,,,yes,7,900
INC-135,pratama2025enhancing,article,2025,{Enhancing Digital Video Streaming Through Blockchain and Smart Contracts},"Ajie Pratama, Yogie",,bit-Tech,,10.32877/bt.v7i3.2348,,,,,yes,2,902
INC-136,hasan2018proof,article,2018,{Proof of Delivery of Digital Assets Using Blockchain and Smart Contracts},H. R. Hasan and K. Salah,,IEEE Access,,10.1109/ACCESS.2018.2876971,,,,,yes,18,167
INC-137,he2023blockchain,article,2023,{Blockchain-Based {P2P} Content Delivery With Monetary Incentivization and Fairness Guarantee},"He, Songlin and Lu, Yuan and Tang, Qiang and Wang, Guiling and Wu, Chase Qishi",,IEEE Trans. Parallel Distrib. Syst.,,10.1109/tpds.2022.3217036,,,,,yes,17,167
INC-138,shao2023data,article,2023,{Data Trusted Sharing Delivery: A Blockchain-Assisted Software-Defined Content Delivery Network},"Shao, Sujie and Gong, Weichao and Yang, Huifeng and Guo, Shaoyong and Chen, Liandong and Xiong, Ao",,IEEE Internet Things J.,,10.1109/jiot.2021.3124091,,,,,yes,6,430
INC-139,yazdinejad2020energy,article,2020,{An Energy-Efficient {SDN} Controller Architecture for {IoT} Networks With Blockchain-Based Security},"Yazdinejad, Abbas and Parizi, Reza M. and Dehghantanha, Ali and Zhang, Qi and Choo, Kim-Kwang Raymond",,IEEE Trans. Serv. Comput.,,10.1109/tsc.2020.2966970,,,,,yes,1,929
INC-140,alharbi2020deployment,article,2020,{Deployment of Blockchain Technology in Software Defined Networks: A Survey},"Alharbi, Talal",,IEEE Access,,10.1109/access.2020.2964751,,,,,yes,1,929
INC-141,turner2023promising,article,2023,{A Promising Integration of {SDN} and Blockchain for {IoT} Networks: A Survey},"Turner, Stephen W. and Karakus, Murat and Guler, Evrim and Uludag, Suleyman",,IEEE Access,,10.1109/access.2023.3260777,,,,,yes,3,1026
INC-142,rahman2022integration,article,2022,"{On the Integration of Blockchain and {SDN}: Overview, Applications, and Future Perspectives}","Rahman, Anichur and Montieri, Antonio and Kundu, Dipanjali and Karim, Md. Razaul and Islam, Md. Jahidul and Umme, Sara and Nascita, Alfredo and Pescap{\'e}, Antonio",,J Netw Syst Manage,,10.1007/s10922-022-09682-4,,,,,yes,3,1026
INC-143,Spagna2013_design,article,2013,{Design principles of an operator-owned highly distributed content delivery network},S. Spagna and others,,IEEE Commun. Mag.,,,https://ieeexplore.ieee.org/document/6495772,,,,yes,1,306
INC-144,Taleb2020_slicing,article,2020,{{CDN} slicing over a multi-domain edge cloud},T. Taleb and P. A. Frangoudis and I. Benkacem and A. Ksentini,,IEEE Trans. Mob. Comput,,10.1109/TMC.2019.2921712,,,,,yes,7,157
INC-145,Tyagi2020_optimizing,article,2020,"{Optimizing digital experiences with content delivery networks: Architectures, performance strategies, and future trends}",Anuj Tyagi,,World J. Adv. Res. Rev,,10.30574/wjarr.2020.7.2.0230,,,,,yes,1,314
INC-146,Ren2022_distributed,article,2022,{A Distributed Real-Time Transcoding {CDN} System Design and Performance Simulation Study},"Ren, Yuan and Huang, Cheng and Lv, Yongbo and Lv, Wanjun and Zhang, Han",,Sensors,,10.3390/s22051945,,,,,yes,1,314
INC-147,Tang2019_tapping,article,2019,{Tapping the Knowledge of Dynamic Traffic Demands for Optimal {CDN} Design},"Tang, Guoming and Wang, Huan and Wu, Kui and Guo, Deke",,IEEE/ACM Trans. Networking,,10.1109/tnet.2018.2881169,,,,,yes,1,314
INC-148,Adhikari2012Netflix,inproceedings,2012,Unreeling {Netflix}: Understanding and improving multi-{CDN} movie delivery,"Adhikari, Vijay Kumar and Yang Guo and Fang Hao and Varvello, Matteo and Hilt, Volker and Steiner, Moritz and Zhang, Zhi-Li",IEEE INFOCOM,,IEEE,10.1109/infcom.2012.6195531,,,,,yes,11,115
INC-149,li2019trust,article,2019,{Trust-Enhanced Content Delivery in Blockchain-Based Information-Centric Networking},"Li, Huining and Wang, Kun and Miyazaki, Toshiaki and Xu, Chenhan and Guo, Song and Sun, Yanfei",,IEEE Network,,10.1109/mnet.2019.1800299,,,,,yes,1,374
INC-150,qadri2025developing,misc,2025,{Developing a Blockchain-Based Secure Digital Contents Distribution System},S. Qadri and S. Cha,,,,,https://arxiv.org/abs/2504.17194,2504.17194,arXiv,,yes,2,923
INC-151,liu2019decentralized,article,2019,{Decentralized Resource Allocation for Video Transcoding and Delivery in Blockchain-Based System With Mobile Edge Computing},Y. Liu and F. R. Yu and X. Li and H. Ji and V. C. M. Leung,,IEEE Trans. Veh. Technol,,10.1109/TVT.2019.2937749,,,,,yes,3,929
INC-152,yan2024optimized,inproceedings,2024,{Optimized Deliverer Selection in Blockchain-Based {P2P} Content Delivery Networks},"Yan, Zhenchao and He, Songlin and Wu, Chase and Hou, Aiqin","2024 IEEE International Performance, Computing, and Communications Conference (IPCCC)",,IEEE,10.1109/ipccc59868.2024.10850174,,,,,yes,7,519
INC-153,wang2018decentralized,inproceedings,2018,{Decentralized Caching for Content Delivery Based on Blockchain: A Game Theoretic Perspective},"Wang, Wenbo and Niyato, Dusit and Wang, Ping and Leshem, Amir",2018 IEEE International Conference on Communications (ICC),,IEEE,10.1109/icc.2018.8422547,,,,,yes,4,929
INC-154,conti2021secure,incollection,2022,{Secure Static Content Delivery for {CDN} Using Blockchain Technology},"Conti, Mauro and Vinod, P. and Tricomi, Pier Paolo",Lecture Notes in Computer Science,,Springer International Publishing,10.1007/978-3-030-93944-1\_20,,,,,yes,1,923
INC-155,lopes2022live,article,2022,{Live video streaming service with pay-as-you-use model on Ethereum Blockchain and InterPlanetary file system},"Lopes, Elio Jordan and Kataria, Shaolin and Keshav, Shashank and Ikram, Sumaiya Thaseen and Ghalib, Muhammad Rukunuddin and Shankar, Achyut and Krichen, Moez",,Wireless Netw,,10.1007/s11276-022-03009-6,,,,,yes,1,1010
INC-156,miglani2023blockchain,article,2023,{Blockchain-Based Co-Operative Caching for Secure Content Delivery in CCN-Enabled V2G Networks},A. Miglani and N. Kumar,,IEEE Trans. Veh. Technol,,10.1109/TVT.2022.3227291,,,,,yes,3,374
INC-157,kishigami2015blockchain,inproceedings,2015,{The Blockchain-Based Digital Content Distribution System},"Kishigami, Junichi and Fujimura, Shigeru and Watanabe, Hiroki and Nakadaira, Atsushi and Akutsu, Akihiko",2015 IEEE Fifth International Conference on Big Data and Cloud Computing,,IEEE,10.1109/bdcloud.2015.60,,,,,yes,1,916
INC-158,khalid2023comprehensive,article,2023,{A Comprehensive Survey on Blockchain-Based Decentralized Storage Networks},"Khalid, Muhammad Irfan and Ehsan, Ibtisam and Al-Ani, Ayman Khallel and Iqbal, Jawaid and Hussain, Saddam and Ullah, Syed Sajid and Nayab",,IEEE Access,,10.1109/access.2023.3240237,,,,,yes,3,184
INC-159,Zhang2025EdgeCachingSecurity,article,2025,"A Survey of Edge Caching Security: Framework, Methods, and Challenges",Hang Zhang and Jinsong Wang and Zening Zhao and Zhao Zhao,,Journal of Systems Architecture,,10.1016/j.sysarc.2024.103306,,,,,yes,4,184
INC-160,Clark2005Tussle,article,2005,Tussle in Cyberspace: Defining Tomorrow's Internet,David D. Clark and John Wroclawski and Karen R. Sollins and Robert Braden,,IEEE/ACM Transactions on Networking,,10.1109/TNET.2005.850224,,,,,yes,1,387
INC-161,RFC9000QUIC,techreport,2021,{QUIC}: A {UDP}-Based Multiplexed and Secure Transport,Jana Iyengar and Martin Thomson,,,,,https://www.rfc-editor.org/rfc/rfc9000,,,,yes,1,316
INC-162,RFC9114HTTP3,techreport,2022,{HTTP/3},Mike Bishop,,,,,https://www.rfc-editor.org/rfc/rfc9114,,,,yes,1,316
INC-163,IETFMoqTransport2026,techreport,2026,{Media over QUIC Transport},Suhas Nandakumar and Victor Vasiliev and Ian Swett and Alan Frindell,,,,,https://datatracker.ietf.org/doc/draft-ietf-moq-transport/,,,Work in progress; expires 13 November 2026; accessed 25 June 2026,yes,1,316
INC-164,ETSIMEC003,techreport,2025,{Multi-access Edge Computing (MEC); Framework and Reference Architecture},{ETSI},,,,,https://www.etsi.org/deliver/etsi_gs/MEC/001_099/003/04.01.01_60/gs_mec003v040101p.pdf,,,Version 04.01.01\_60; accessed 25 June 2026,yes,1,822
INC-165,koponen2007dona,inproceedings,2007,A Data-Oriented (and Beyond) Network Architecture,"Koponen, Teemu and Chawla, Mohit and Chun, Byung-Gon and Ermolinskiy, Andrey and Kim, Kye Hyun and Shenker, Scott and Stoica, Ion",Proc. ACM SIGCOMM,,,10.1145/1282380.1282402,,,,,yes,1,117
INC-166,vasilakos2015icnchallenges,article,2015,Information Centric Network: Research Challenges and Opportunities,"Vasilakos, Athanasios V. and Li, Zhe and Simon, Gwendal and You, Wei",,Journal of Network and Computer Applications,,10.1016/j.jnca.2015.02.001,,,,,yes,1,372
INC-167,kutscher2016rfc7927,misc,2016,Information-Centric Networking (ICN) Research Challenges,"Kutscher, Dirk and Eum, Suyong and Pentikousis, Kostas and Psaras, Ioannis and Corujo, Daniel and Saucez, Damien and Schmidt, Thomas C. and W{\""a}hlisch, Matthias",,,,10.17487/RFC7927,,,,,yes,1,372
INC-168,bari2012namingrouting,article,2012,A Survey of Naming and Routing in Information-Centric Networks,"Bari, Md. Faizul and Chowdhury, Shihabur Rahman and Ahmed, Reaz and Boutaba, Raouf and Mathieu, Bertrand",,IEEE Communications Magazine,,10.1109/MCOM.2012.6384450,,,,,yes,2,205
INC-169,yi2012adaptiveforwarding,article,2012,Adaptive Forwarding in Named Data Networking,"Yi, Cheng and Afanasyev, Alexander and Wang, Lan and Zhang, Beichuan and Zhang, Lixia",,ACM SIGCOMM Computer Communication Review,,10.1145/2317307.2317319,,,,,yes,1,374
INC-170,yi2013statefulforwarding,article,2013,A Case for Stateful Forwarding Plane,"Yi, Cheng and Afanasyev, Alexander and Moiseenko, Ilya and Wang, Lan and Zhang, Beichuan and Zhang, Lixia",,Computer Communications,,10.1016/j.comcom.2013.01.005,,,,,yes,1,374
INC-171,psaras2012probcache,inproceedings,2012,Probabilistic In-Network Caching for Information-Centric Networks,"Psaras, Ioannis and Chai, Wei Koong and Pavlou, George",Proc. 2nd ACM SIGCOMM Workshop on Information-Centric Networking (ICN),,,10.1145/2342488.2342501,,,,,yes,1,374
INC-172,chai2012cachelessformore,inproceedings,2012,Cache ``Less for More'' in Information-Centric Networks,"Chai, Wei Koong and He, Diliang and Psaras, Ioannis and Pavlou, George",Proc. 11th Int. IFIP TC6 Networking Conf. (NETWORKING),,,10.1007/978-3-642-30045-5_3,,,,,yes,1,374
INC-173,zhang2015cachingsurvey,article,2015,A Survey of Caching Mechanisms in Information-Centric Networking,"Zhang, Meng and Luo, Hongbin and Zhang, Hongke",,IEEE Communications Surveys \& Tutorials,,10.1109/COMST.2015.2420097,,,,,yes,1,374
INC-174,din2018cachingsurvey,article,2018,"Caching in Information-Centric Networking: Strategies, Challenges, and Future Research Directions","Din, Ikram Ud and Hassan, Suhaidi and Khan, Muhammad Khurram and Guizani, Mohsen and Ghazali, Osman and Habbal, Adib",,IEEE Communications Surveys \& Tutorials,,10.1109/COMST.2017.2787609,,,,,yes,2,205
INC-175,carofiglio2013multipath,inproceedings,2013,Multipath Congestion Control in Content-Centric Networks,"Carofiglio, Giovanna and Gallo, Massimo and Muscariello, Luca and Papalini, Michele",Proc. IEEE INFOCOM Workshops (NOMEN),,,10.1109/INFCOMW.2013.6970718,,,,,yes,1,374
INC-176,chen2016transportsurvey,article,2016,Transport Control Strategies in Named Data Networking: A Survey,"Chen, Qingxia and Xie, Renchao and Yu, F. Richard and Liu, Jiang and Huang, Tao and Liu, Yunjie",,IEEE Communications Surveys \& Tutorials,,10.1109/COMST.2016.2528164,,,,,yes,1,374
INC-177,abdallah2015securitysurvey,article,2015,A Survey of Security Attacks in Information-Centric Networking,"AbdAllah, Eslam G. and Hassanein, Hossam S. and Zulkernine, Mohammad",,IEEE Communications Surveys \& Tutorials,,10.1109/COMST.2015.2392629,,,,,yes,1,374
INC-178,tourani2018securitysurvey,article,2018,"Security, Privacy, and Access Control in Information-Centric Networking: A Survey","Tourani, Reza and Misra, Satyajayant and Mick, Travis and Panwar, Gaurav",,IEEE Communications Surveys \& Tutorials,,10.1109/COMST.2017.2749508,,,,,yes,2,205
INC-179,amadeo2016icniot,article,2016,Information-Centric Networking for the Internet of Things: Challenges and Opportunities,"Amadeo, Marica and Campolo, Claudia and Quevedo, Jos{\'e} and Corujo, Daniel and Molinaro, Antonella and Iera, Antonio and Aguiar, Rui L. and Vasilakos, Athanasios V.",,IEEE Network,,10.1109/MNET.2016.7437030,,,,,yes,1,374
INC-180,shang2016ndnthings,inproceedings,2016,Named Data Networking of Things,"Shang, Wentao and Bannis, Adeola and Liang, Teng and Wang, Zhehao and Yu, Yingdi and Afanasyev, Alexander and Thompson, Jeff and Burke, Jeff and Zhang, Beichuan and Zhang, Lixia",Proc. IEEE 1st Int. Conf. on Internet-of-Things Design and Implementation (IoTDI),,,10.1109/IoTDI.2015.44,,,,,yes,1,374
INC-181,nour2019iotusecase,article,2019,A Survey of Internet of Things Communication Using ICN: A Use Case Perspective,"Nour, Boubakr and Sharif, Kashif and Li, Fan and Biswas, Sujit and Moungla, Hassine and Guizani, Mohsen and Wang, Yu",,Computer Communications,,10.1016/j.comcom.2019.05.010,,,,,yes,1,374
INC-182,fang2018mobileicnsurvey,article,2018,A Survey of Mobile Information-Centric Networking: Research Issues and Challenges,"Fang, Chao and Yao, Haipeng and Wang, Zhuwei and Wu, Wenjun and Jin, Xiaoning and Yu, F. Richard",,IEEE Communications Surveys \& Tutorials,,10.1109/COMST.2018.2809670,,,,,yes,1,374
INC-183,carofiglio2013contentdelivery,article,2013,From Content Delivery Today to Information Centric Networking,"Carofiglio, Giovanna and Morabito, Giacomo and Muscariello, Luca and Solis, Ignacio and Varvello, Matteo",,Computer Networks,,10.1016/j.comnet.2013.07.002,,,,,yes,1,117
INC-184,ullah2020icnedge5g,article,2020,ICN with Edge for 5G: Exploiting In-Network Caching in ICN-Based Edge Computing for 5G Networks,"Ullah, Rehmat and Rehman, Muhammad Atif Ur and Naeem, Muhammad Ali and Kim, Byung-Seo and Mastorakis, Spyridon",,Future Generation Computer Systems,,10.1016/j.future.2020.04.033,,,,,yes,1,374
INC-185,serhane2021icn5gsurvey,article,2021,A Survey of ICN Content Naming and In-Network Caching in 5G and Beyond Networks,"Serhane, Oussama and Yahyaoui, Khadidja and Nour, Boubakr and Moungla, Hassine",,IEEE Internet of Things Journal,,10.1109/JIOT.2020.3022243,,,,,yes,1,374
INC-186,mao2017pensieve,inproceedings,2017,Neural Adaptive Video Streaming with {Pensieve},"Mao, Hongzi and Netravali, Ravi and Alizadeh, Mohammad",Proc. ACM SIGCOMM,,,10.1145/3098822.3098843,,,,,yes,1,314
INC-187,yin2015mpc,inproceedings,2015,A Control-Theoretic Approach for Dynamic Adaptive Video Streaming over {HTTP},"Yin, Xiaoqi and Jindal, Abhishek and Sekar, Vyas and Sinopoli, Bruno",Proc. ACM SIGCOMM,,,10.1145/2785956.2787486,,,,,yes,1,314
INC-188,spiteri2016bola,inproceedings,2016,{BOLA}: Near-Optimal Bitrate Adaptation for Online Videos,"Spiteri, Kevin and Urgaonkar, Rahul and Sitaraman, Ramesh K.",Proc. IEEE INFOCOM,,,10.1109/INFOCOM.2016.7524428,,,,,yes,1,314
INC-189,luong2019drlsurvey,article,2019,Applications of Deep Reinforcement Learning in Communications and Networking: A Survey,"Luong, Nguyen Cong and Hoang, Dinh Thai and Gong, Shimin and Niyato, Dusit and Wang, Ping and Liang, Ying-Chang and Kim, Dong In",,IEEE Communications Surveys \& Tutorials,,10.1109/COMST.2019.2916583,,,,,yes,2,184
INC-190,zhou2019edgeintelligence,article,2019,Edge Intelligence: Paving the Last Mile of Artificial Intelligence With Edge Computing,"Zhou, Zhi and Chen, Xu and Li, En and Zeng, Liekang and Luo, Ke and Zhang, Junshan",,Proceedings of the IEEE,,10.1109/JPROC.2019.2918951,,,,,yes,1,644
INC-191,wang2020fade,article,2020,Federated Deep Reinforcement Learning for Internet of Things With Decentralized Cooperative Edge Caching,"Wang, Xiaofei and Wang, Chenyang and Li, Xiuhua and Leung, Victor C. M. and Taleb, Tarik",,IEEE Internet of Things Journal,,10.1109/JIOT.2020.2986803,,,,,yes,1,646
INC-192,jiang2019marlcaching,article,2019,Multi-Agent Reinforcement Learning Based Cooperative Content Caching for Mobile Edge Networks,"Jiang, Wei and Feng, Gang and Qin, Shuang and Liu, Yijing",,IEEE Access,,10.1109/ACCESS.2019.2916314,,,,,yes,1,646
INC-193,mcmahan2017fedavg,inproceedings,2017,Communication-Efficient Learning of Deep Networks from Decentralized Data,"McMahan, Brendan and Moore, Eider and Ramage, Daniel and Hampson, Seth and Ag{\""u}era y Arcas, Blaise",Proc. 20th Int. Conf. Artificial Intelligence and Statistics (AISTATS),,,,https://proceedings.mlr.press/v54/mcmahan17a.html,,,,yes,1,646
INC-194,lin2024depin,article,2024,Decentralized Physical Infrastructure Networks ({DePIN}): Challenges and Opportunities,"Lin, Zhibin and Wang, Taotao and Shi, Long and Zhang, Shengli and Cao, Bin",,IEEE Network,,10.1109/MNET.2024.3487924,,,,early access,yes,1,1177
INC-195,vorick2014sia,misc,2014,Sia: Simple Decentralized Storage,"Vorick, David and Champine, Luke",,,,,https://sia.tech/sia.pdf,,,,yes,1,974
INC-196,storjlabs2018storj,techreport,2018,Storj: A Decentralized Cloud Storage Network Framework,"{Storj Labs, Inc.}",,,,,https://www.storj.io/whitepaper,,,,yes,1,974
INC-197,williams2018arweave,misc,2018,Arweave: A Protocol for Economically Sustainable Information Permanence,"Williams, Sam and Diordiiev, Viktor and Berman, Lev and Uemlianin, Ivan",,,,,https://www.arweave.org/yellow-paper.pdf,,,,yes,1,974
INC-198,tron2021swarm,misc,2021,The Book of Swarm: Storage and Communication Infrastructure for Self-Sovereign Digital Society,"Tr\'{o}n, Viktor",,,,,https://www.ethswarm.org/The-Book-of-Swarm.pdf,,,,yes,1,974
INC-199,juels2007pors,inproceedings,2007,{PORs}: Proofs of Retrievability for Large Files,"Juels, Ari and Kaliski, Burton S.",Proc. 14th ACM Conf. Computer and Communications Security (CCS),,,10.1145/1315245.1315317,,,,,yes,1,908
INC-200,fisch2019tight,inproceedings,2019,Tight Proofs of Space and Replication,"Fisch, Ben",Advances in Cryptology -- EUROCRYPT 2019,,,10.1007/978-3-030-17656-3_12,,,,,yes,1,908
INC-201,poon2016lightning,misc,2016,The Bitcoin Lightning Network: Scalable Off-Chain Instant Payments,"Poon, Joseph and Dryja, Thaddeus",,,,,https://lightning.network/lightning-network-paper.pdf,,,,yes,1,1192
INC-202,han2022incentive,article,2022,How Can Incentive Mechanisms and Blockchain Benefit with Each Other? A Survey,"Han, Rong and Yan, Zheng and Liang, Xueqin and Yang, Laurence T.",,ACM Computing Surveys,,10.1145/3539604,,,,,yes,1,906
INC-203,atzei2017survey,inproceedings,2017,A Survey of Attacks on {Ethereum} Smart Contracts ({SoK}),"Atzei, Nicola and Bartoletti, Massimo and Cimoli, Tiziana",Principles of Security and Trust (POST 2017),,,10.1007/978-3-662-54455-6_8,,,,,yes,1,1018
INC-204,molavikakhki2017quic,inproceedings,2017,Taking a Long Look at {QUIC}: An Approach for Rigorous Evaluation of Rapidly Evolving Transport Protocols,"Molavi Kakhki, Arash and Jero, Samuel and Choffnes, David and Nita-Rotaru, Cristina and Mislove, Alan",Proc. ACM Internet Measurement Conf. (IMC),,,10.1145/3131365.3131368,,,,,yes,1,316
INC-205,bentaleb2025onesecond,article,2025,Toward One-Second Latency: Evolution of Live Media Streaming,"Bentaleb, Abdelhak and Lim, May and Akcay, Mehmet N. and Begen, Ali C. and Hammoudi, Sarra and Zimmermann, Roger",,IEEE Communications Surveys \& Tutorials,,10.1109/COMST.2025.3555514,,,,early access,yes,1,184
INC-206,calder2013google,inproceedings,2013,Mapping the Expansion of Google's Serving Infrastructure,"Calder, Matt and Fan, Xun and Hu, Zi and Katz-Bassett, Ethan and Heidemann, John and Govindan, Ramesh",Proc. ACM Internet Measurement Conf. (IMC),,,10.1145/2504730.2504754,,,,,yes,1,306
INC-207,chen2016forwardingloop,inproceedings,2016,Forwarding-Loop Attacks in Content Delivery Networks,"Chen, Jianjun and Zheng, Xiaofeng and Duan, Haixin and Liang, Jinjin and Jiang, Jian and Li, Kang and Wan, Tao and Paxson, Vern",Proc. Network and Distributed System Security Symp. (NDSS),,,10.14722/ndss.2016.23442,,,,,yes,1,1016
INC-208,guo2020rangeamp,inproceedings,2020,{CDN} Backfired: Amplification Attacks Based on {HTTP} Range Requests,"Guo, Weizhong and Shen, Kaiwen and Mi, Xianghang and Hu, Yiming and Hao, Shuang and Liu, Baojun and Duan, Haixin",Proc. 50th Annu. IEEE/IFIP Int. Conf. Dependable Systems and Networks (DSN),,,10.1109/DSN48063.2020.00021,,,,,yes,1,1016
